# ,lowelab - These are from the Lowe Lab's website on tRNA numbers in genomes (accessed Jan 2015),
# ,codonR - These are the trna numbers from the original file distributed with codonR (ecolik12.trna),
# ,"""codon"" really means codon. Take the reverse complement if you want to get the anticodon (i.e. how tRNAs are typically thought of)",
codon,lowelab,codonR
TTT,0,0
TTC,2,2
TTA,1,1
TTG,1,1
TCT,0,0
TCC,2,2
TCA,1,1
TCG,1,1
TAT,0,0
TAC,3,3
TGT,0,1
TGC,1,1
TGG,1,1
CTT,0,0
CTC,1,1
CTA,1,1
CTG,4,4
CCT,0,0
CCC,1,1
CCA,1,1
CCG,1,1
CAT,0,0
CAC,1,1
CAA,2,2
CAG,2,2
CGT,4,4
CGC,0,0
CGA,0,0
CGG,1,1
ATT,0,0
ATC,3,3
ATA,0,0
ATG,8,8
ACT,0,0
ACC,2,2
ACA,1,1
ACG,2,2
AAT,0,0
AAC,4,4
AAA,6,6
AAG,0,0
AGT,0,0
AGC,1,1
AGA,1,1
AGG,1,1
GTT,0,0
GTC,2,2
GTA,5,5
GTG,0,0
GCT,0,0
GCC,2,2
GCA,3,3
GCG,0,0
GAT,0,0
GAC,3,3
GAA,4,4
GAG,0,0
GGT,0,0
GGC,4,4
GGA,1,1
GGG,1,1